group, scoreraw,score
A,2,1.414213562
A,4,2
A,3,1.732050808
A,4,2
A,4,2
A,4,2
A,4,2
A,4,2
A,3,1.732050808
A,3,1.732050808
A,4,2
A,4,2
A,4,2
A,3,1.732050808
A,4,2
A,4,2
A,4,2
B,4,2
B,4,2
B,3,1.732050808
B,3,1.732050808
B,4,2
B,2,1.414213562
B,4,2
B,3,1.732050808
B,4,2
B,3,1.732050808
B,4,2
B,3,1.732050808
B,4,2
B,4,2
B,3,1.732050808
B,3,1.732050808
B,2,1.414213562
B,2,1.414213562
B,2,1.414213562